Date,Demand,Temp,Holiday,Myeongjeol,Bridge
2021-01-01,1448.2,-3.95,1,0,0
2021-01-02,1430.9,-3.11,0,0,0
2021-01-03,1451.8,-4.02,0,0,0
2021-01-04,1741.5,-2.77,0,0,0
2021-01-05,1799.5,-2.58,0,0,0
2021-01-06,1826.6,-6.08,0,0,0
2021-01-07,1908.8,-10.97,0,0,0
2021-01-08,1923.6,-12.92,0,0,0
2021-01-09,1706.9,-10.92,0,0,0
2021-01-10,1580.3,-7.62,0,0,0
2021-01-11,1879.3,-6.0,0,0,0
2021-01-12,1867.3,-3.65,0,0,0
2021-01-13,1769.7,2.36,0,0,0
2021-01-14,1719.9,2.76,0,0,0
2021-01-15,1703.6,5.42,0,0,0
2021-01-16,1566.1,-1.17,0,0,0
2021-01-17,1489.4,-4.42,0,0,0
2021-01-18,1797.0,-2.21,0,0,0
2021-01-19,1829.4,-5.35,0,0,0
2021-01-20,1774.3,-1.05,0,0,0
2021-01-21,1748.2,4.17,0,0,0
2021-01-22,1697.0,6.32,0,0,0
2021-01-23,1503.3,7.68,0,0,0
2021-01-24,1366.6,6.97,0,0,0
2021-01-25,1584.2,6.61,0,0,0
2021-01-26,1690.3,5.14,0,0,0
2021-01-27,1657.2,3.18,0,0,0
2021-01-28,1747.9,-0.56,0,0,0
2021-01-29,1794.1,-6.53,0,0,0
2021-01-30,1572.8,-1.04,0,0,0
2021-01-31,1418.0,2.88,0,0,0
2021-02-01,1646.6,6.55,0,0,0
2021-02-02,1742.0,-2.52,0,0,0
2021-02-03,1756.8,-2.67,0,0,0
2021-02-04,1742.5,-1.02,0,0,0
2021-02-05,1729.5,0.86,0,0,0
2021-02-06,1514.5,5.7,0,0,0
2021-02-07,1394.6,5.58,0,0,0
2021-02-08,1661.9,-0.98,0,0,0
2021-02-09,1691.7,-0.53,0,0,0
2021-02-10,1604.4,2.55,0,0,0
2021-02-11,1308.0,4.79,1,1,0
2021-02-12,1169.8,6.04,1,1,0
2021-02-13,1193.6,6.71,1,1,0
2021-02-14,1264.6,8.3,0,0,0
2021-02-15,1562.1,3.72,0,0,0
2021-02-16,1732.1,-2.69,0,0,0
2021-02-17,1821.2,-6.36,0,0,0
2021-02-18,1810.4,-4.92,0,0,0
2021-02-19,1700.4,1.28,0,0,0
2021-02-20,1436.6,9.03,0,0,0
2021-02-21,1314.8,11.2,0,0,0
2021-02-22,1521.8,9.9,0,0,0
2021-02-23,1625.0,2.36,0,0,0
2021-02-24,1639.9,2.99,0,0,0
2021-02-25,1680.0,3.79,0,0,0
2021-02-26,1579.2,7.27,0,0,0
2021-02-27,1397.4,7.9,0,0,0
2021-02-28,1329.6,7.05,0,0,0
2021-03-01,1434.1,7.19,1,0,0
2021-03-02,1622.5,2.65,0,0,0
2021-03-03,1624.8,3.42,0,0,0
2021-03-04,1654.5,6.04,0,0,0
2021-03-05,1550.7,8.58,0,0,0
2021-03-06,1426.0,6.59,0,0,0
2021-03-07,1324.8,5.82,0,0,0
2021-03-08,1523.0,6.16,0,0,0
2021-03-09,1563.6,6.74,0,0,0
2021-03-10,1532.9,7.97,0,0,0
2021-03-11,1533.8,9.06,0,0,0
2021-03-12,1583.3,9.33,0,0,0
2021-03-13,1356.2,8.82,0,0,0
2021-03-14,1270.4,8.68,0,0,0
2021-03-15,1471.7,10.1,0,0,0
2021-03-16,1492.3,10.72,0,0,0
2021-03-17,1498.7,8.39,0,0,0
2021-03-18,1498.0,10.11,0,0,0
2021-03-19,1473.9,12.85,0,0,0
2021-03-20,1398.0,9.55,0,0,0
2021-03-21,1273.7,7.03,0,0,0
2021-03-22,1469.4,6.46,0,0,0
2021-03-23,1500.2,8.82,0,0,0
2021-03-24,1501.4,10.29,0,0,0
2021-03-25,1467.7,11.82,0,0,0
2021-03-26,1460.0,12.24,0,0,0
2021-03-27,1371.7,11.72,0,0,0
2021-03-28,1267.6,11.32,0,0,0
2021-03-29,1421.2,11.8,0,0,0
2021-03-30,1446.7,11.32,0,0,0
2021-03-31,1440.1,12.76,0,0,0
2021-04-01,1455.9,15.17,0,0,0
2021-04-02,1434.4,16.39,0,0,0
2021-04-03,1358.2,14.78,0,0,0
2021-04-04,1264.2,11.22,0,0,0
2021-04-05,1387.5,10.63,0,0,0
2021-04-06,1447.2,12.33,0,0,0
2021-04-07,1434.7,13.55,0,0,0
2021-04-08,1436.0,12.49,0,0,0
2021-04-09,1443.7,11.53,0,0,0
2021-04-10,1291.2,11.33,0,0,0
2021-04-11,1195.1,13.17,0,0,0
2021-04-12,1460.7,12.94,0,0,0
2021-04-13,1456.6,12.08,0,0,0
2021-04-14,1440.0,8.84,0,0,0
2021-04-15,1450.7,10.52,0,0,0
2021-04-16,1486.2,11.59,0,0,0
2021-04-17,1301.2,10.36,0,0,0
2021-04-18,1204.5,10.32,0,0,0
2021-04-19,1391.6,12.59,0,0,0
2021-04-20,1438.6,14.75,0,0,0
2021-04-21,1442.6,17.61,0,0,0
2021-04-22,1470.6,19.57,0,0,0
2021-04-23,1457.7,18.19,0,0,0
2021-04-24,1290.0,17.02,0,0,0
2021-04-25,1192.2,16.11,0,0,0
2021-04-26,1374.3,14.71,0,0,0
2021-04-27,1462.0,14.67,0,0,0
2021-04-28,1446.4,15.53,0,0,0
2021-04-29,1436.5,14.89,0,0,0
2021-04-30,1431.3,12.82,0,0,0
2021-05-01,1274.8,10.67,0,0,0
2021-05-02,1186.6,12.19,0,0,0
2021-05-03,1368.5,13.73,0,0,0
2021-05-04,1487.8,14.56,0,0,0
2021-05-05,1305.2,15.24,1,0,0
2021-05-06,1407.1,14.9,0,0,0
2021-05-07,1438.1,15.13,0,0,0
2021-05-08,1264.8,14.82,0,0,0
2021-05-09,1165.5,16.12,0,0,0
2021-05-10,1436.7,13.31,0,0,0
2021-05-11,1460.0,16.72,0,0,0
2021-05-12,1429.8,19.27,0,0,0
2021-05-13,1445.6,20.57,0,0,0
2021-05-14,1471.9,21.57,0,0,0
2021-05-15,1367.6,20.53,0,0,0
2021-05-16,1300.9,19.12,0,0,0
2021-05-17,1464.6,15.15,0,0,0
2021-05-18,1456.7,17.07,0,0,0
2021-05-19,1334.6,19.13,1,0,0
2021-05-20,1487.6,17.31,0,0,0
2021-05-21,1463.8,16.03,0,0,0
2021-05-22,1275.3,18.44,0,0,0
2021-05-23,1202.9,19.62,0,0,0
2021-05-24,1392.3,19.39,0,0,0
2021-05-25,1431.6,16.01,0,0,0
2021-05-26,1443.7,16.78,0,0,0
2021-05-27,1469.8,16.35,0,0,0
2021-05-28,1453.9,15.42,0,0,0
2021-05-29,1274.7,16.87,0,0,0
2021-05-30,1184.2,18.34,0,0,0
2021-05-31,1401.2,19.5,0,0,0
2021-06-01,1448.8,20.33,0,0,0
2021-06-02,1470.3,22.16,0,0,0
2021-06-03,1509.8,18.83,0,0,0
2021-06-04,1423.5,18.77,0,0,0
2021-06-05,1291.3,20.1,0,0,0
2021-06-06,1226.0,21.74,1,0,0
2021-06-07,1445.7,21.34,0,0,0
2021-06-08,1506.6,22.81,0,0,0
2021-06-09,1539.1,24.19,0,0,0
2021-06-10,1567.7,23.57,0,0,0
2021-06-11,1532.4,21.52,0,0,0
2021-06-12,1365.7,22.93,0,0,0
2021-06-13,1292.6,23.5,0,0,0
2021-06-14,1524.1,22.99,0,0,0
2021-06-15,1581.9,21.62,0,0,0
2021-06-16,1557.2,22.59,0,0,0
2021-06-17,1548.2,20.82,0,0,0
2021-06-18,1536.7,20.47,0,0,0
2021-06-19,1338.5,22.18,0,0,0
2021-06-20,1271.0,22.65,0,0,0
2021-06-21,1494.2,23.15,0,0,0
2021-06-22,1547.1,21.8,0,0,0
2021-06-23,1545.3,21.17,0,0,0
2021-06-24,1547.0,22.13,0,0,0
2021-06-25,1540.6,22.94,0,0,0
2021-06-26,1382.3,22.26,0,0,0
2021-06-27,1300.6,23.5,0,0,0
2021-06-28,1537.0,23.41,0,0,0
2021-06-29,1592.4,23.26,0,0,0
2021-06-30,1601.0,23.59,0,0,0
2021-07-01,1617.2,24.92,0,0,0
2021-07-02,1625.2,25.23,0,0,0
2021-07-03,1446.2,22.61,0,0,0
2021-07-04,1359.9,22.63,0,0,0
2021-07-05,1571.6,22.58,0,0,0
2021-07-06,1662.6,23.8,0,0,0
2021-07-07,1703.4,24.93,0,0,0
2021-07-08,1703.7,25.09,0,0,0
2021-07-09,1672.1,24.8,0,0,0
2021-07-10,1500.4,25.15,0,0,0
2021-07-11,1429.7,25.32,0,0,0
2021-07-12,1702.5,26.93,0,0,0
2021-07-13,1794.7,27.7,0,0,0
2021-07-14,1830.6,28.24,0,0,0
2021-07-15,1822.0,27.73,0,0,0
2021-07-16,1787.3,26.97,0,0,0
2021-07-17,1567.6,26.49,0,0,0
2021-07-18,1490.5,27.2,0,0,0
2021-07-19,1738.9,26.35,0,0,0
2021-07-20,1824.1,27.28,0,0,0
2021-07-21,1835.6,28.42,0,0,0
2021-07-22,1846.7,28.59,0,0,0
2021-07-23,1848.6,28.65,0,0,0
2021-07-24,1676.3,28.99,0,0,0
2021-07-25,1568.6,28.87,0,0,0
2021-07-26,1800.1,28.82,0,0,0
2021-07-27,1862.6,28.81,0,0,0
2021-07-28,1867.0,28.6,0,0,0
2021-07-29,1856.3,28.35,0,0,0
2021-07-30,1820.4,28.64,0,0,0
2021-07-31,1629.2,28.68,0,0,0
2021-08-01,1534.8,27.13,0,0,0
2021-08-02,1597.2,26.41,0,0,0
2021-08-03,1621.5,27.17,0,0,0
2021-08-04,1656.0,28.32,0,0,0
2021-08-05,1727.1,28.59,0,0,0
2021-08-06,1731.8,27.81,0,0,0
2021-08-07,1584.8,27.37,0,0,0
2021-08-08,1513.4,25.75,0,0,0
2021-08-09,1701.8,26.91,0,0,0
2021-08-10,1763.1,25.93,0,0,0
2021-08-11,1746.7,25.98,0,0,0
2021-08-12,1767.8,25.93,0,0,0
2021-08-13,1737.6,25.42,0,0,0
2021-08-14,1525.1,24.64,0,0,0
2021-08-15,1409.0,24.99,1,0,0
2021-08-16,1554.5,25.33,1,0,0
2021-08-17,1673.7,24.61,0,0,0
2021-08-18,1678.5,23.48,0,0,0
2021-08-19,1671.4,24.19,0,0,0
2021-08-20,1674.8,25.04,0,0,0
2021-08-21,1532.3,23.55,0,0,0
2021-08-22,1402.5,24.69,0,0,0
2021-08-23,1637.1,22.59,0,0,0
2021-08-24,1705.2,23.75,0,0,0
2021-08-25,1709.0,24.26,0,0,0
2021-08-26,1696.7,25.15,0,0,0
2021-08-27,1668.0,23.0,0,0,0
2021-08-28,1457.8,23.6,0,0,0
2021-08-29,1384.5,23.39,0,0,0
2021-08-30,1615.0,23.85,0,0,0
2021-08-31,1642.2,22.25,0,0,0
2021-09-01,1648.9,22.03,0,0,0
2021-09-02,1620.9,22.31,0,0,0
2021-09-03,1584.0,22.76,0,0,0
2021-09-04,1404.4,22.21,0,0,0
2021-09-05,1332.9,21.83,0,0,0
2021-09-06,1553.9,21.54,0,0,0
2021-09-07,1622.2,20.59,0,0,0
2021-09-08,1591.2,22.41,0,0,0
2021-09-09,1601.8,22.23,0,0,0
2021-09-10,1616.5,22.43,0,0,0
2021-09-11,1429.3,23.28,0,0,0
2021-09-12,1338.6,23.21,0,0,0
2021-09-13,1582.0,23.27,0,0,0
2021-09-14,1619.5,22.72,0,0,0
2021-09-15,1582.1,22.67,0,0,0
2021-09-16,1585.8,21.65,0,0,0
2021-09-17,1548.3,21.65,0,0,0
2021-09-18,1343.6,22.1,0,0,0
2021-09-19,1247.2,22.13,0,0,0
2021-09-20,1171.3,22.4,1,1,0
2021-09-21,1151.1,22.28,1,1,0
2021-09-22,1170.9,21.22,1,1,0
2021-09-23,1371.1,20.56,0,0,0
2021-09-24,1451.0,20.43,0,0,0
2021-09-25,1370.4,20.47,0,0,0
2021-09-26,1283.7,21.34,0,0,0
2021-09-27,1486.0,20.75,0,0,0
2021-09-28,1567.2,21.04,0,0,0
2021-09-29,1604.3,21.07,0,0,0
2021-09-30,1535.1,20.68,0,0,0
2021-10-01,1519.2,20.61,0,0,0
2021-10-02,1351.1,20.57,0,0,0
2021-10-03,1268.0,21.48,1,0,0
2021-10-04,1443.5,22.48,1,0,0
2021-10-05,1566.1,23.23,0,0,0
2021-10-06,1569.5,20.25,0,0,0
2021-10-07,1570.5,20.17,0,0,0
2021-10-08,1562.8,19.82,0,0,0
2021-10-09,1382.9,21.63,1,0,0
2021-10-10,1297.2,21.65,0,0,0
2021-10-11,1392.6,16.39,1,0,0
2021-10-12,1510.3,17.17,0,0,0
2021-10-13,1512.0,18.6,0,0,0
2021-10-14,1511.9,19.37,0,0,0
2021-10-15,1521.9,18.68,0,0,0
2021-10-16,1358.6,12.93,0,0,0
2021-10-17,1221.8,6.62,0,0,0
2021-10-18,1435.1,8.73,0,0,0
2021-10-19,1500.9,11.23,0,0,0
2021-10-20,1492.7,9.27,0,0,0
2021-10-21,1505.1,9.47,0,0,0
2021-10-22,1478.8,10.31,0,0,0
2021-10-23,1308.0,10.81,0,0,0
2021-10-24,1225.3,10.84,0,0,0
2021-10-25,1431.1,11.33,0,0,0
2021-10-26,1489.0,11.74,0,0,0
2021-10-27,1489.8,13.36,0,0,0
2021-10-28,1486.1,12.04,0,0,0
2021-10-29,1472.3,13.16,0,0,0
2021-10-30,1355.0,12.84,0,0,0
2021-10-31,1243.8,13.11,0,0,0
2021-11-01,1457.0,12.92,0,0,0
2021-11-02,1506.4,11.27,0,0,0
2021-11-03,1503.3,11.35,0,0,0
2021-11-04,1515.5,11.91,0,0,0
2021-11-05,1507.2,12.1,0,0,0
2021-11-06,1338.8,13.19,0,0,0
2021-11-07,1252.6,14.36,0,0,0
2021-11-08,1526.7,10.62,0,0,0
2021-11-09,1589.5,6.64,0,0,0
2021-11-10,1610.0,5.83,0,0,0
2021-11-11,1615.7,6.73,0,0,0
2021-11-12,1605.0,5.6,0,0,0
2021-11-13,1401.3,6.88,0,0,0
2021-11-14,1299.6,10.24,0,0,0
2021-11-15,1519.7,9.3,0,0,0
2021-11-16,1573.6,8.48,0,0,0
2021-11-17,1579.7,7.42,0,0,0
2021-11-18,1580.4,10.53,0,0,0
2021-11-19,1560.3,12.05,0,0,0
2021-11-20,1401.4,10.25,0,0,0
2021-11-21,1334.3,10.44,0,0,0
2021-11-22,1593.9,5.66,0,0,0
2021-11-23,1697.3,1.64,0,0,0
2021-11-24,1661.3,4.96,0,0,0
2021-11-25,1621.5,7.1,0,0,0
2021-11-26,1618.7,4.43,0,0,0
2021-11-27,1439.6,3.6,0,0,0
2021-11-28,1351.3,4.56,0,0,0
2021-11-29,1597.3,6.7,0,0,0
2021-11-30,1707.1,6.66,0,0,0
2021-12-01,1723.0,0.89,0,0,0
2021-12-02,1718.4,1.33,0,0,0
2021-12-03,1691.9,3.82,0,0,0
2021-12-04,1512.9,2.19,0,0,0
2021-12-05,1391.5,2.8,0,0,0
2021-12-06,1652.4,5.03,0,0,0
2021-12-07,1677.1,6.39,0,0,0
2021-12-08,1677.9,5.89,0,0,0
2021-12-09,1706.3,5.96,0,0,0
2021-12-10,1683.7,7.3,0,0,0
2021-12-11,1484.3,6.73,0,0,0
2021-12-12,1406.8,3.96,0,0,0
2021-12-13,1714.9,-1.12,0,0,0
2021-12-14,1757.6,2.64,0,0,0
2021-12-15,1712.0,6.65,0,0,0
2021-12-16,1725.4,5.83,0,0,0
2021-12-17,1795.5,-1.61,0,0,0
2021-12-18,1623.5,-4.88,0,0,0
2021-12-19,1483.0,0.38,0,0,0
2021-12-20,1717.1,4.51,0,0,0
2021-12-21,1722.8,6.02,0,0,0
2021-12-22,1727.4,2.98,0,0,0
2021-12-23,1740.2,2.47,0,0,0
2021-12-24,1759.1,1.84,0,0,0
2021-12-25,1605.7,-7.25,1,0,0
2021-12-26,1556.3,-9.5,0,0,0
2021-12-27,1866.0,-6.04,0,0,0
2021-12-28,1885.1,-1.64,0,0,0
2021-12-29,1824.8,1.66,0,0,0
2021-12-30,1807.6,-1.17,0,0,0
2021-12-31,1739.6,-4.32,0,0,0
2022-01-01,1479.9,-4.0,1,0,0
2022-01-02,1479.9,-0.56,0,0,0
2022-01-03,1788.7,-1.71,0,0,0
2022-01-04,1826.3,-0.33,0,0,0
2022-01-05,1881.6,-1.67,0,0,0
2022-01-06,1813.6,-0.16,0,0,0
2022-01-07,1807.4,-1.35,0,0,0
2022-01-08,1607.8,-0.1,0,0,0
2022-01-09,1495.6,1.95,0,0,0
2022-01-10,1774.5,0.81,0,0,0
2022-01-11,1872.4,-3.55,0,0,0
2022-01-12,1896.5,-5.81,0,0,0
2022-01-13,1908.1,-4.69,0,0,0
2022-01-14,1859.8,-4.32,0,0,0
2022-01-15,1637.3,-0.59,0,0,0
2022-01-16,1512.9,0.32,0,0,0
2022-01-17,1840.1,-3.48,0,0,0
2022-01-18,1871.8,-4.37,0,0,0
2022-01-19,1895.0,-3.74,0,0,0
2022-01-20,1871.5,-3.95,0,0,0
2022-01-21,1839.8,-2.63,0,0,0
2022-01-22,1639.5,0.8,0,0,0
2022-01-23,1502.8,3.53,0,0,0
2022-01-24,1763.2,4.05,0,0,0
2022-01-25,1823.1,3.49,0,0,0
2022-01-26,1772.9,2.34,0,0,0
2022-01-27,1770.2,0.63,0,0,0
2022-01-28,1725.3,-0.82,0,0,0
2022-01-29,1519.8,-1.67,0,0,0
2022-01-30,1424.2,-1.85,0,0,0
2022-01-31,1337.7,-0.85,1,1,0
2022-02-01,1299.2,-0.03,1,1,0
2022-02-02,1349.5,-1.61,1,1,0
2022-02-03,1656.9,-1.93,0,0,0
2022-02-04,1775.2,-3.15,0,0,0
2022-02-05,1642.0,-4.79,0,0,0
2022-02-06,1526.9,-3.09,0,0,0
2022-02-07,1827.3,-1.99,0,0,0
2022-02-08,1807.8,0.05,0,0,0
2022-02-09,1792.1,0.76,0,0,0
2022-02-10,1743.7,2.49,0,0,0
2022-02-11,1735.5,2.35,0,0,0
2022-02-12,1522.4,4.21,0,0,0
2022-02-13,1437.4,4.64,0,0,0
2022-02-14,1695.9,3.56,0,0,0
2022-02-15,1808.4,-1.92,0,0,0
2022-02-16,1868.0,-5.4,0,0,0
2022-02-17,1862.0,-5.54,0,0,0
2022-02-18,1796.9,-1.74,0,0,0
2022-02-19,1608.6,0.55,0,0,0
2022-02-20,1495.8,-3.42,0,0,0
2022-02-21,1784.7,-1.81,0,0,0
2022-02-22,1824.7,-2.48,0,0,0
2022-02-23,1838.9,-4.06,0,0,0
2022-02-24,1807.5,-2.03,0,0,0
2022-02-25,1747.2,2.28,0,0,0
2022-02-26,1523.4,5.79,0,0,0
2022-02-27,1386.4,4.46,0,0,0
2022-02-28,1613.4,5.76,0,0,1
2022-03-01,1558.5,6.46,1,0,0
2022-03-02,1664.7,3.68,0,0,0
2022-03-03,1658.2,5.62,0,0,0
2022-03-04,1655.7,7.01,0,0,0
2022-03-05,1451.4,4.66,0,0,0
2022-03-06,1364.7,2.25,0,0,0
2022-03-07,1648.5,2.93,0,0,0
2022-03-08,1654.0,5.57,0,0,0
2022-03-09,1486.2,6.74,1,0,0
2022-03-10,1602.7,8.38,0,0,0
2022-03-11,1610.1,10.49,0,0,0
2022-03-12,1409.8,12.7,0,0,0
2022-03-13,1373.4,12.84,0,0,0
2022-03-14,1613.6,9.51,0,0,0
2022-03-15,1570.2,8.04,0,0,0
2022-03-16,1557.6,10.05,0,0,0
2022-03-17,1638.2,9.95,0,0,0
2022-03-18,1653.4,7.14,0,0,0
2022-03-19,1499.0,3.95,0,0,0
2022-03-20,1364.3,4.99,0,0,0
2022-03-21,1583.6,5.34,0,0,0
2022-03-22,1592.6,6.97,0,0,0
2022-03-23,1655.6,5.99,0,0,0
2022-03-24,1605.3,7.86,0,0,0
2022-03-25,1586.9,11.54,0,0,0
2022-03-26,1429.0,12.2,0,0,0
2022-03-27,1262.6,9.28,0,0,0
2022-03-28,1499.1,7.45,0,0,0
2022-03-29,1529.1,9.09,0,0,0
2022-03-30,1568.5,10.93,0,0,0
2022-03-31,1566.0,10.65,0,0,0
2022-04-01,1521.9,8.52,0,0,0
2022-04-02,1344.8,7.86,0,0,0
2022-04-03,1258.8,8.98,0,0,0
2022-04-04,1469.2,10.01,0,0,0
2022-04-05,1534.1,10.3,0,0,0
2022-04-06,1508.4,12.06,0,0,0
2022-04-07,1505.2,11.68,0,0,0
2022-04-08,1471.9,12.34,0,0,0
2022-04-09,1317.5,16.63,0,0,0
2022-04-10,1219.4,17.41,0,0,0
2022-04-11,1431.3,18.54,0,0,0
2022-04-12,1488.8,18.91,0,0,0
2022-04-13,1562.6,13.06,0,0,0
2022-04-14,1552.0,11.6,0,0,0
2022-04-15,1464.6,12.14,0,0,0
2022-04-16,1305.2,11.94,0,0,0
2022-04-17,1215.6,13.02,0,0,0
2022-04-18,1435.6,14.78,0,0,0
2022-04-19,1465.7,14.67,0,0,0
2022-04-20,1456.5,14.99,0,0,0
2022-04-21,1504.1,14.22,0,0,0
2022-04-22,1475.2,15.39,0,0,0
2022-04-23,1311.2,16.84,0,0,0
2022-04-24,1210.6,17.92,0,0,0
2022-04-25,1455.6,19.21,0,0,0
2022-04-26,1534.4,19.33,0,0,0
2022-04-27,1455.2,16.82,0,0,0
2022-04-28,1470.1,15.92,0,0,0
2022-04-29,1488.0,12.42,0,0,0
2022-04-30,1320.9,12.66,0,0,0
2022-05-01,1183.6,13.04,0,0,0
2022-05-02,1401.2,13.07,0,0,0
2022-05-03,1449.5,13.44,0,0,0
2022-05-04,1451.8,16.3,0,0,0
2022-05-05,1334.8,17.58,1,0,0
2022-05-06,1396.3,18.66,0,0,1
2022-05-07,1290.4,17.97,0,0,0
2022-05-08,1215.2,15.18,1,0,0
2022-05-09,1423.2,16.21,0,0,0
2022-05-10,1472.5,17.19,0,0,0
2022-05-11,1493.6,18.65,0,0,0
2022-05-12,1508.7,19.43,0,0,0
2022-05-13,1529.1,17.61,0,0,0
2022-05-14,1298.6,15.65,0,0,0
2022-05-15,1198.9,15.35,0,0,0
2022-05-16,1412.7,16.26,0,0,0
2022-05-17,1487.2,18.58,0,0,0
2022-05-18,1503.0,19.73,0,0,0
2022-05-19,1511.5,19.66,0,0,0
2022-05-20,1493.9,19.69,0,0,0
2022-05-21,1333.2,19.89,0,0,0
2022-05-22,1241.5,20.36,0,0,0
2022-05-23,1487.2,21.47,0,0,0
2022-05-24,1533.0,22.1,0,0,0
2022-05-25,1542.2,20.88,0,0,0
2022-05-26,1496.0,19.15,0,0,0
2022-05-27,1494.3,20.11,0,0,0
2022-05-28,1354.1,21.41,0,0,0
2022-05-29,1263.2,21.8,0,0,0
2022-05-30,1525.7,20.44,0,0,0
2022-05-31,1497.0,20.34,0,0,0
2022-06-01,1387.9,21.5,1,0,0
2022-06-02,1499.6,20.9,0,0,0
2022-06-03,1529.7,22.7,0,0,0
2022-06-04,1368.6,22.82,0,0,0
2022-06-05,1306.4,19.95,0,0,0
2022-06-06,1321.4,18.79,1,0,0
2022-06-07,1480.9,18.17,0,0,0
2022-06-08,1499.3,19.11,0,0,0
2022-06-09,1515.8,19.83,0,0,0
2022-06-10,1523.4,20.53,0,0,0
2022-06-11,1359.9,22.43,0,0,0
2022-06-12,1278.7,22.17,0,0,0
2022-06-13,1503.6,21.56,0,0,0
2022-06-14,1547.8,19.36,0,0,0
2022-06-15,1525.1,17.98,0,0,0
2022-06-16,1528.6,20.78,0,0,0
2022-06-17,1563.8,21.96,0,0,0
2022-06-18,1419.8,23.71,0,0,0
2022-06-19,1342.1,23.86,0,0,0
2022-06-20,1591.8,24.9,0,0,0
2022-06-21,1674.4,25.6,0,0,0
2022-06-22,1685.5,25.48,0,0,0
2022-06-23,1739.2,24.12,0,0,0
2022-06-24,1669.1,23.89,0,0,0
2022-06-25,1508.3,25.37,0,0,0
2022-06-26,1447.8,25.93,0,0,0
2022-06-27,1735.1,26.12,0,0,0
2022-06-28,1782.2,26.89,0,0,0
2022-06-29,1789.6,25.66,0,0,0
2022-06-30,1759.0,24.45,0,0,0
2022-07-01,1745.2,26.59,0,0,0
2022-07-02,1590.9,27.52,0,0,0
2022-07-03,1520.1,27.85,0,0,0
2022-07-04,1807.8,27.72,0,0,0
2022-07-05,1876.7,27.56,0,0,0
2022-07-06,1901.5,28.06,0,0,0
2022-07-07,1919.6,28.04,0,0,0
2022-07-08,1858.1,26.44,0,0,0
2022-07-09,1629.2,26.62,0,0,0
2022-07-10,1545.6,27.55,0,0,0
2022-07-11,1788.6,25.61,0,0,0
2022-07-12,1820.4,25.78,0,0,0
2022-07-13,1805.8,24.44,0,0,0
2022-07-14,1804.0,25.78,0,0,0
2022-07-15,1755.8,25.67,0,0,0
2022-07-16,1565.4,24.91,0,0,0
2022-07-17,1473.7,25.2,0,0,0
2022-07-18,1739.7,24.42,0,0,0
2022-07-19,1765.2,25.83,0,0,0
2022-07-20,1783.1,26.53,0,0,0
2022-07-21,1760.2,23.76,0,0,0
2022-07-22,1717.3,24.59,0,0,0
2022-07-23,1556.3,24.11,0,0,0
2022-07-24,1472.4,24.62,0,0,0
2022-07-25,1713.8,26.47,0,0,0
2022-07-26,1799.7,26.86,0,0,0
2022-07-27,1792.8,26.95,0,0,0
2022-07-28,1815.2,27.34,0,0,0
2022-07-29,1842.2,28.89,0,0,0
2022-07-30,1668.4,28.74,0,0,0
2022-07-31,1555.5,26.53,0,0,0
2022-08-01,1666.7,27.63,0,0,0
2022-08-02,1670.6,27.02,0,0,0
2022-08-03,1697.0,27.49,0,0,0
2022-08-04,1764.9,28.47,0,0,0
2022-08-05,1803.0,28.57,0,0,0
2022-08-06,1688.9,28.73,0,0,0
2022-08-07,1633.1,28.79,0,0,0
2022-08-08,1860.0,27.57,0,0,0
2022-08-09,1872.7,26.57,0,0,0
2022-08-10,1820.9,25.37,0,0,0
2022-08-11,1819.8,25.13,0,0,0
2022-08-12,1785.5,26.79,0,0,0
2022-08-13,1626.5,25.44,0,0,0
2022-08-14,1551.6,27.09,0,0,0
2022-08-15,1653.3,28.19,1,0,0
2022-08-16,1806.8,26.23,0,0,0
2022-08-17,1790.2,24.75,0,0,0
2022-08-18,1746.4,24.78,0,0,0
2022-08-19,1802.0,25.51,0,0,0
2022-08-20,1677.8,27.02,0,0,0
2022-08-21,1509.6,26.47,0,0,0
2022-08-22,1752.7,25.88,0,0,0
2022-08-23,1816.3,24.88,0,0,0
2022-08-24,1716.4,23.39,0,0,0
2022-08-25,1683.3,22.52,0,0,0
2022-08-26,1646.0,23.29,0,0,0
2022-08-27,1423.5,21.96,0,0,0
2022-08-28,1316.3,21.11,0,0,0
2022-08-29,1587.9,20.65,0,0,0
2022-08-30,1648.2,20.05,0,0,0
2022-08-31,1629.3,21.45,0,0,0
2022-09-01,1642.8,22.31,0,0,0
2022-09-02,1636.8,22.63,0,0,0
2022-09-03,1475.4,22.98,0,0,0
2022-09-04,1415.7,23.17,0,0,0
2022-09-05,1648.5,21.75,0,0,0
2022-09-06,1559.6,21.33,0,0,0
2022-09-07,1554.5,21.45,0,0,0
2022-09-08,1496.0,21.38,0,0,0
2022-09-09,1219.2,22.25,1,1,0
2022-09-10,1129.3,21.76,1,1,0
2022-09-11,1169.2,22.49,1,1,0
2022-09-12,1279.1,22.66,1,1,0
2022-09-13,1549.6,23.55,0,0,0
2022-09-14,1611.5,23.82,0,0,0
2022-09-15,1642.3,24.12,0,0,0
2022-09-16,1693.2,24.91,0,0,0
2022-09-17,1539.5,25.3,0,0,0
2022-09-18,1454.1,26.07,0,0,0
2022-09-19,1628.0,24.35,0,0,0
2022-09-20,1560.0,18.98,0,0,0
2022-09-21,1520.5,17.75,0,0,0
2022-09-22,1524.4,18.27,0,0,0
2022-09-23,1517.3,18.23,0,0,0
2022-09-24,1321.7,17.47,0,0,0
2022-09-25,1270.7,18.22,0,0,0
2022-09-26,1491.9,18.48,0,0,0
2022-09-27,1519.2,19.33,0,0,0
2022-09-28,1547.4,19.1,0,0,0
2022-09-29,1529.3,19.3,0,0,0
2022-09-30,1516.2,19.37,0,0,0
2022-10-01,1342.7,19.65,0,0,0
2022-10-02,1272.3,19.79,0,0,0
2022-10-03,1412.6,21.92,1,0,0
2022-10-04,1547.1,19.58,0,0,0
2022-10-05,1497.5,16.16,0,0,0
2022-10-06,1515.0,15.96,0,0,0
2022-10-07,1487.5,15.05,0,0,0
2022-10-08,1320.2,14.78,0,0,0
2022-10-09,1282.5,13.64,1,0,0
2022-10-10,1322.6,11.21,1,0,0
2022-10-11,1449.0,11.89,0,0,0
2022-10-12,1481.7,12.72,0,0,0
2022-10-13,1482.1,15.26,0,0,0
2022-10-14,1484.4,15.8,0,0,0
2022-10-15,1326.9,17.09,0,0,0
2022-10-16,1264.9,16.89,0,0,0
2022-10-17,1427.0,13.36,0,0,0
2022-10-18,1479.2,9.39,0,0,0
2022-10-19,1491.6,9.54,0,0,0
2022-10-20,1498.5,11.41,0,0,0
2022-10-21,1515.0,13.2,0,0,0
2022-10-22,1333.4,15.0,0,0,0
2022-10-23,1239.3,14.08,0,0,0
2022-10-24,1438.5,10.68,0,0,0
2022-10-25,1493.8,10.29,0,0,0
2022-10-26,1506.0,11.62,0,0,0
2022-10-27,1499.7,12.95,0,0,0
2022-10-28,1491.6,12.82,0,0,0
2022-10-29,1334.0,13.52,0,0,0
2022-10-30,1245.4,13.39,0,0,0
2022-10-31,1443.3,13.6,0,0,0
2022-11-01,1498.0,12.96,0,0,0
2022-11-02,1495.0,11.07,0,0,0
2022-11-03,1532.6,10.08,0,0,0
2022-11-04,1518.3,6.81,0,0,0
2022-11-05,1361.2,6.48,0,0,0
2022-11-06,1271.4,8.34,0,0,0
2022-11-07,1499.3,9.82,0,0,0
2022-11-08,1531.1,11.56,0,0,0
2022-11-09,1539.5,10.61,0,0,0
2022-11-10,1532.5,12.34,0,0,0
2022-11-11,1520.1,14.07,0,0,0
2022-11-12,1372.2,15.54,0,0,0
2022-11-13,1309.6,12.57,0,0,0
2022-11-14,1512.6,10.2,0,0,0
2022-11-15,1561.9,7.92,0,0,0
2022-11-16,1558.6,8.67,0,0,0
2022-11-17,1557.9,9.3,0,0,0
2022-11-18,1541.2,9.66,0,0,0
2022-11-19,1377.1,11.41,0,0,0
2022-11-20,1303.8,12.46,0,0,0
2022-11-21,1519.5,11.23,0,0,0
2022-11-22,1605.4,10.57,0,0,0
2022-11-23,1563.7,11.39,0,0,0
2022-11-24,1576.1,8.74,0,0,0
2022-11-25,1554.7,10.41,0,0,0
2022-11-26,1380.0,9.05,0,0,0
2022-11-27,1316.4,5.84,0,0,0
2022-11-28,1577.5,10.99,0,0,0
2022-11-29,1627.7,10.09,0,0,0
2022-11-30,1733.0,-2.18,0,0,0
2022-12-01,1767.9,-3.49,0,0,0
2022-12-02,1738.9,-1.98,0,0,0
2022-12-03,1560.3,2.54,0,0,0
2022-12-04,1472.3,-0.08,0,0,0
2022-12-05,1752.8,-1.43,0,0,0
2022-12-06,1803.0,0.31,0,0,0
2022-12-07,1757.3,4.22,0,0,0
2022-12-08,1743.2,3.54,0,0,0
2022-12-09,1739.4,4.04,0,0,0
2022-12-10,1563.2,2.71,0,0,0
2022-12-11,1430.3,2.34,0,0,0
2022-12-12,1743.2,2.05,0,0,0
2022-12-13,1802.7,2.41,0,0,0
2022-12-14,1904.1,-5.75,0,0,0
2022-12-15,1895.7,-3.35,0,0,0
2022-12-16,1892.5,-3.52,0,0,0
2022-12-17,1702.6,-4.93,0,0,0
2022-12-18,1621.8,-7.9,0,0,0
2022-12-19,1915.6,-6.25,0,0,0
2022-12-20,1915.3,-3.03,0,0,0
2022-12-21,1924.6,0.57,0,0,0
2022-12-22,1964.8,-4.71,0,0,0
2022-12-23,1992.3,-8.76,0,0,0
2022-12-24,1728.4,-7.63,0,0,0
2022-12-25,1584.3,-4.86,1,0,0
2022-12-26,1886.3,-3.68,0,0,0
2022-12-27,1892.3,-2.59,0,0,0
2022-12-28,1877.1,-1.95,0,0,0
2022-12-29,1855.4,-2.88,0,0,0
2022-12-30,1767.7,-1.35,0,0,0
2022-12-31,1546.0,-1.31,0,0,0
2023-01-01,1441.0,0.17,1,0,0
2023-01-02,1783.9,-2.65,0,0,0
2023-01-03,1875.2,-3.72,0,0,0
2023-01-04,1875.9,-1.83,0,0,0
2023-01-05,1886.0,-1.35,0,0,0
2023-01-06,1832.8,0.43,0,0,0
2023-01-07,1612.8,2.43,0,0,0
2023-01-08,1497.4,0.8,0,0,0
2023-01-09,1762.2,3.56,0,0,0
2023-01-10,1789.1,1.46,0,0,0
2023-01-11,1773.9,2.32,0,0,0
2023-01-12,1752.2,4.77,0,0,0
2023-01-13,1743.2,8.76,0,0,0
2023-01-14,1573.2,7.01,0,0,0
2023-01-15,1533.7,1.5,0,0,0
2023-01-16,1792.4,-2.67,0,0,0
2023-01-17,1866.1,-3.0,0,0,0
2023-01-18,1845.9,-1.21,0,0,0
2023-01-19,1823.9,-0.62,0,0,0
2023-01-20,1734.1,-0.88,0,0,0
2023-01-21,1428.5,-4.18,1,1,0
2023-01-22,1336.5,-0.53,1,1,0
2023-01-23,1328.8,0.79,1,1,0
2023-01-24,1514.0,-10.42,1,1,0
2023-01-25,1848.7,-10.89,0,0,0
2023-01-26,1961.8,-5.47,0,0,0
2023-01-27,1911.0,-5.36,0,0,0
2023-01-28,1695.3,-5.4,0,0,0
2023-01-29,1551.9,-1.67,0,0,0
2023-01-30,1782.8,-0.28,0,0,0
2023-01-31,1800.4,1.25,0,0,0
2023-02-01,1761.4,2.98,0,0,0
2023-02-02,1811.9,-1.08,0,0,0
2023-02-03,1785.7,-0.46,0,0,0
2023-02-04,1575.5,-0.45,0,0,0
2023-02-05,1462.7,0.55,0,0,0
2023-02-06,1734.0,2.2,0,0,0
2023-02-07,1750.0,3.25,0,0,0
2023-02-08,1735.3,2.44,0,0,0
2023-02-09,1757.9,3.24,0,0,0
2023-02-10,1743.5,3.99,0,0,0
2023-02-11,1556.4,2.23,0,0,0
2023-02-12,1470.1,2.98,0,0,0
2023-02-13,1708.1,5.83,0,0,0
2023-02-14,1712.7,2.49,0,0,0
2023-02-15,1753.8,2.38,0,0,0
2023-02-16,1758.3,2.66,0,0,0
2023-02-17,1724.3,3.02,0,0,0
2023-02-18,1549.1,5.53,0,0,0
2023-02-19,1407.1,4.97,0,0,0
2023-02-20,1670.6,0.54,0,0,0
2023-02-21,1738.1,-0.97,0,0,0
2023-02-22,1718.9,1.2,0,0,0
2023-02-23,1680.0,3.92,0,0,0
2023-02-24,1656.3,4.37,0,0,0
2023-02-25,1485.7,1.32,0,0,0
2023-02-26,1386.5,1.89,0,0,0
2023-02-27,1613.3,3.82,0,0,0
2023-02-28,1629.6,4.9,0,0,0
2023-03-01,1529.5,6.76,1,0,0
2023-03-02,1645.9,2.99,0,0,0
2023-03-03,1635.2,4.03,0,0,0
2023-03-04,1438.8,6.7,0,0,0
2023-03-05,1330.3,7.03,0,0,0
2023-03-06,1546.3,7.94,0,0,0
2023-03-07,1575.5,10.67,0,0,0
2023-03-08,1559.9,11.8,0,0,0
2023-03-09,1557.7,11.82,0,0,0
2023-03-10,1512.1,12.02,0,0,0
2023-03-11,1346.2,14.02,0,0,0
2023-03-12,1350.5,7.82,0,0,0
2023-03-13,1541.2,3.25,0,0,0
2023-03-14,1548.5,8.17,0,0,0
2023-03-15,1549.8,10.01,0,0,0
2023-03-16,1560.3,6.7,0,0,0
2023-03-17,1586.1,7.15,0,0,0
2023-03-18,1360.5,8.63,0,0,0
2023-03-19,1265.9,8.05,0,0,0
2023-03-20,1483.5,8.77,0,0,0
2023-03-21,1508.0,12.15,0,0,0
2023-03-22,1520.2,14.88,0,0,0
2023-03-23,1551.1,15.62,0,0,0
2023-03-24,1523.4,11.45,0,0,0
2023-03-25,1363.0,10.82,0,0,0
2023-03-26,1227.7,9.91,0,0,0
2023-03-27,1443.4,7.33,0,0,0
2023-03-28,1511.3,8.56,0,0,0
2023-03-29,1482.8,10.68,0,0,0
2023-03-30,1479.2,12.59,0,0,0
2023-03-31,1433.5,14.03,0,0,0
2023-04-01,1283.4,15.11,0,0,0
2023-04-02,1194.8,15.95,0,0,0
2023-04-03,1398.6,15.87,0,0,0
2023-04-04,1489.5,15.75,0,0,0
2023-04-05,1562.8,13.04,0,0,0
2023-04-06,1563.3,10.09,0,0,0
2023-04-07,1473.5,9.67,0,0,0
2023-04-08,1293.5,8.56,0,0,0
2023-04-09,1203.7,10.33,0,0,0
2023-04-10,1405.1,12.23,0,0,0
2023-04-11,1514.2,14.16,0,0,0
2023-04-12,1441.2,11.29,0,0,0
2023-04-13,1463.3,12.0,0,0,0
2023-04-14,1488.9,14.43,0,0,0
2023-04-15,1353.5,12.91,0,0,0
2023-04-16,1233.5,10.76,0,0,0
2023-04-17,1403.5,12.12,0,0,0
2023-04-18,1537.4,14.37,0,0,0
2023-04-19,1474.1,17.81,0,0,0
2023-04-20,1492.3,17.81,0,0,0
2023-04-21,1452.3,16.55,0,0,0
2023-04-22,1271.8,15.44,0,0,0
2023-04-23,1220.6,14.44,0,0,0
2023-04-24,1421.4,14.35,0,0,0
2023-04-25,1525.6,9.87,0,0,0
2023-04-26,1456.2,10.4,0,0,0
2023-04-27,1426.8,11.95,0,0,0
2023-04-28,1435.3,14.88,0,0,0
2023-04-29,1355.7,14.41,0,0,0
2023-04-30,1157.8,13.24,0,0,0
2023-05-01,1203.9,14.57,0,0,0
2023-05-02,1380.6,15.45,0,0,0
2023-05-03,1441.8,17.69,0,0,0
2023-05-04,1470.5,19.19,0,0,0
2023-05-05,1397.0,18.4,1,0,0
2023-05-06,1310.4,13.84,0,0,0
2023-05-07,1238.9,12.79,0,0,0
2023-05-08,1354.2,13.61,0,0,0
2023-05-09,1411.9,15.67,0,0,0
2023-05-10,1422.0,17.24,0,0,0
2023-05-11,1434.1,17.8,0,0,0
2023-05-12,1440.3,17.19,0,0,0
2023-05-13,1287.2,16.78,0,0,0
2023-05-14,1187.3,17.34,0,0,0
2023-05-15,1397.0,19.03,0,0,0
2023-05-16,1471.5,21.99,0,0,0
2023-05-17,1484.5,22.09,0,0,0
2023-05-18,1548.7,19.55,0,0,0
2023-05-19,1492.8,19.91,0,0,0
2023-05-20,1301.7,19.69,0,0,0
2023-05-21,1224.7,18.6,0,0,0
2023-05-22,1446.8,18.17,0,0,0
2023-05-23,1441.1,18.36,0,0,0
2023-05-24,1475.1,18.66,0,0,0
2023-05-25,1461.3,19.87,0,0,0
2023-05-26,1473.1,20.37,0,0,0
2023-05-27,1355.7,19.81,1,0,0
2023-05-28,1294.9,19.8,0,0,0
2023-05-29,1406.3,21.45,1,0,0
2023-05-30,1522.0,21.5,0,0,0
2023-05-31,1476.2,21.22,0,0,0
2023-06-01,1533.6,20.29,0,0,0
2023-06-02,1485.8,21.15,0,0,0
2023-06-03,1287.3,21.35,0,0,0
2023-06-04,1212.4,21.5,0,0,0
2023-06-05,1397.2,21.17,0,0,1
2023-06-06,1347.0,20.48,1,0,0
2023-06-07,1481.9,21.06,0,0,0
2023-06-08,1503.8,21.02,0,0,0
2023-06-09,1499.0,22.09,0,0,0
2023-06-10,1363.1,22.31,0,0,0
2023-06-11,1291.6,21.92,0,0,0
2023-06-12,1497.4,21.94,0,0,0
2023-06-13,1544.9,21.91,0,0,0
2023-06-14,1548.1,20.85,0,0,0
2023-06-15,1546.4,21.32,0,0,0
2023-06-16,1543.6,23.02,0,0,0
2023-06-17,1380.6,23.77,0,0,0
2023-06-18,1306.0,24.83,0,0,0
2023-06-19,1591.5,25.78,0,0,0
2023-06-20,1621.2,23.38,0,0,0
2023-06-21,1622.0,20.58,0,0,0
2023-06-22,1579.3,22.27,0,0,0
2023-06-23,1577.7,23.51,0,0,0
2023-06-24,1428.3,24.59,0,0,0
2023-06-25,1382.6,25.1,0,0,0
2023-06-26,1655.0,23.57,0,0,0
2023-06-27,1655.9,25.03,0,0,0
2023-06-28,1671.0,24.45,0,0,0
2023-06-29,1719.2,24.25,0,0,0
2023-06-30,1686.7,24.42,0,0,0
2023-07-01,1487.2,25.86,0,0,0
2023-07-02,1417.9,25.88,0,0,0
2023-07-03,1701.3,26.86,0,0,0
2023-07-04,1755.2,24.82,0,0,0
2023-07-05,1675.8,24.89,0,0,0
2023-07-06,1700.1,25.94,0,0,0
2023-07-07,1713.7,24.14,0,0,0
2023-07-08,1502.2,24.01,0,0,0
2023-07-09,1445.7,24.78,0,0,0
2023-07-10,1688.4,26.25,0,0,0
2023-07-11,1754.6,23.93,0,0,0
2023-07-12,1741.3,25.33,0,0,0
2023-07-13,1783.1,25.12,0,0,0
2023-07-14,1776.4,24.79,0,0,0
2023-07-15,1583.0,24.74,0,0,0
2023-07-16,1451.9,24.09,0,0,0
2023-07-17,1687.1,25.16,0,0,0
2023-07-18,1747.2,24.28,0,0,0
2023-07-19,1708.7,25.61,0,0,0
2023-07-20,1742.7,26.19,0,0,0
2023-07-21,1762.3,27.06,0,0,0
2023-07-22,1590.1,25.89,0,0,0
2023-07-23,1510.5,25.39,0,0,0
2023-07-24,1728.4,26.08,0,0,0
2023-07-25,1781.4,26.59,0,0,0
2023-07-26,1794.7,26.59,0,0,0
2023-07-27,1799.4,27.55,0,0,0
2023-07-28,1808.9,28.36,0,0,0
2023-07-29,1611.6,28.49,0,0,0
2023-07-30,1529.4,28.22,0,0,0
2023-07-31,1659.4,28.03,0,0,0
2023-08-01,1701.2,28.73,0,0,0
2023-08-02,1713.6,28.7,0,0,0
2023-08-03,1753.8,28.75,0,0,0
2023-08-04,1788.9,29.06,0,0,0
2023-08-05,1666.9,29.33,0,0,0
2023-08-06,1643.4,29.1,0,0,0
2023-08-07,1882.5,29.21,0,0,0
2023-08-08,1917.6,29.15,0,0,0
2023-08-09,1879.2,26.86,0,0,0
2023-08-10,1721.0,23.06,0,0,0
2023-08-11,1700.8,24.62,0,0,0
2023-08-12,1523.4,24.54,0,0,0
2023-08-13,1455.9,26.23,0,0,0
2023-08-14,1688.8,27.27,0,0,1
2023-08-15,1656.6,27.26,1,0,0
2023-08-16,1779.8,26.65,0,0,0
2023-08-17,1818.3,26.6,0,0,0
2023-08-18,1836.5,27.22,0,0,0
2023-08-19,1659.5,27.64,0,0,0
2023-08-20,1560.7,27.54,0,0,0
2023-08-21,1837.5,28.1,0,0,0
2023-08-22,1882.0,27.61,0,0,0
2023-08-23,1857.7,25.86,0,0,0
2023-08-24,1814.3,24.74,0,0,0
2023-08-25,1752.1,26.08,0,0,0
2023-08-26,1534.3,25.45,0,0,0
2023-08-27,1451.7,25.33,0,0,0
2023-08-28,1687.4,24.15,0,0,0
2023-08-29,1767.1,24.77,0,0,0
2023-08-30,1724.4,23.01,0,0,0
2023-08-31,1659.2,23.49,0,0,0
2023-09-01,1626.9,23.47,0,0,0
2023-09-02,1476.6,23.8,0,0,0
2023-09-03,1427.8,25.36,0,0,0
2023-09-04,1720.9,26.2,0,0,0
2023-09-05,1769.8,26.6,0,0,0
2023-09-06,1753.2,26.0,0,0,0
2023-09-07,1685.0,24.58,0,0,0
2023-09-08,1648.0,23.51,0,0,0
2023-09-09,1470.6,23.76,0,0,0
2023-09-10,1393.5,24.14,0,0,0
2023-09-11,1655.7,24.57,0,0,0
2023-09-12,1725.5,24.6,0,0,0
2023-09-13,1732.7,22.49,0,0,0
2023-09-14,1695.4,22.4,0,0,0
2023-09-15,1674.4,22.42,0,0,0
2023-09-16,1521.8,23.36,0,0,0
2023-09-17,1411.5,24.13,0,0,0
2023-09-18,1630.7,24.52,0,0,0
2023-09-19,1679.1,23.63,0,0,0
2023-09-20,1694.2,21.46,0,0,0
2023-09-21,1610.2,19.96,0,0,0
2023-09-22,1541.0,19.64,0,0,0
2023-09-23,1383.0,20.21,0,0,0
2023-09-24,1274.3,20.75,0,0,0
2023-09-25,1526.8,21.21,0,0,0
2023-09-26,1612.2,20.6,0,0,0
2023-09-27,1541.5,21.89,0,0,0
2023-09-28,1217.0,22.52,1,1,0
2023-09-29,1101.4,20.66,1,1,0
2023-09-30,1113.2,19.26,1,1,0
2023-10-01,1089.2,18.14,0,0,0
2023-10-02,1153.4,16.99,1,0,0
2023-10-03,1298.3,16.28,1,0,0
2023-10-04,1440.1,17.22,0,0,0
2023-10-05,1431.5,15.29,0,0,0
2023-10-06,1453.1,14.76,0,0,0
2023-10-07,1343.5,15.98,0,0,0
2023-10-08,1263.7,16.93,0,0,0
2023-10-09,1334.6,17.2,1,0,0
2023-10-10,1453.3,16.5,0,0,0
2023-10-11,1484.2,16.49,0,0,0
2023-10-12,1483.7,16.17,0,0,0
2023-10-13,1500.1,16.67,0,0,0
2023-10-14,1344.5,15.17,0,0,0
2023-10-15,1247.1,15.46,0,0,0
2023-10-16,1417.2,14.92,0,0,0
2023-10-17,1453.4,13.06,0,0,0
2023-10-18,1466.9,14.37,0,0,0
2023-10-19,1529.0,16.13,0,0,0
2023-10-20,1442.2,12.88,0,0,0
2023-10-21,1309.6,10.46,0,0,0
2023-10-22,1227.9,11.41,0,0,0
2023-10-23,1425.1,13.98,0,0,0
2023-10-24,1488.9,14.04,0,0,0
2023-10-25,1478.3,15.3,0,0,0
2023-10-26,1498.3,16.24,0,0,0
2023-10-27,1472.5,14.76,0,0,0
2023-10-28,1308.4,13.05,0,0,0
2023-10-29,1220.2,13.35,0,0,0
2023-10-30,1419.8,13.74,0,0,0
2023-10-31,1474.4,14.64,0,0,0
2023-11-01,1498.6,17.15,0,0,0
2023-11-02,1490.2,19.37,0,0,0
2023-11-03,1488.8,18.47,0,0,0
2023-11-04,1364.4,17.58,0,0,0
2023-11-05,1290.5,18.1,0,0,0
2023-11-06,1491.9,15.99,0,0,0
2023-11-07,1485.5,8.33,0,0,0
2023-11-08,1488.5,8.22,0,0,0
2023-11-09,1526.8,11.93,0,0,0
2023-11-10,1519.9,7.25,0,0,0
2023-11-11,1408.0,3.33,0,0,0
2023-11-12,1331.4,2.68,0,0,0
2023-11-13,1567.4,2.84,0,0,0
2023-11-14,1616.1,5.01,0,0,0
2023-11-15,1605.9,6.52,0,0,0
2023-11-16,1687.4,6.12,0,0,0
2023-11-17,1661.4,3.73,0,0,0
2023-11-18,1495.0,1.84,0,0,0
2023-11-19,1361.3,6.66,0,0,0
2023-11-20,1571.0,6.64,0,0,0
2023-11-21,1606.4,6.57,0,0,0
2023-11-22,1594.5,8.59,0,0,0
2023-11-23,1569.9,11.86,0,0,0
2023-11-24,1642.7,1.65,0,0,0
2023-11-25,1467.3,-0.64,0,0,0
2023-11-26,1387.7,3.43,0,0,0
2023-11-27,1654.8,6.86,0,0,0
2023-11-28,1673.3,3.8,0,0,0
2023-11-29,1731.3,1.36,0,0,0
2023-11-30,1747.3,-1.82,0,0,0
2023-12-01,1750.6,-1.66,0,0,0
2023-12-02,1541.6,1.8,0,0,0
2023-12-03,1393.6,2.61,0,0,0
2023-12-04,1672.6,2.36,0,0,0
2023-12-05,1687.4,5.48,0,0,0
2023-12-06,1715.8,5.93,0,0,0
2023-12-07,1664.2,6.82,0,0,0
2023-12-08,1606.4,10.18,0,0,0
2023-12-09,1419.3,12.98,0,0,0
2023-12-10,1332.2,11.08,0,0,0
2023-12-11,1605.4,10.61,0,0,0
2023-12-12,1661.8,6.86,0,0,0
2023-12-13,1633.7,6.96,0,0,0
2023-12-14,1675.7,8.55,0,0,0
2023-12-15,1677.9,7.34,0,0,0
2023-12-16,1569.3,-0.57,0,0,0
2023-12-17,1532.0,-7.37,0,0,0
2023-12-18,1852.6,-6.09,0,0,0
2023-12-19,1875.8,-2.3,0,0,0
2023-12-20,1905.0,-4.36,0,0,0
2023-12-21,1949.8,-9.12,0,0,0
2023-12-22,1938.0,-9.25,0,0,0
2023-12-23,1675.5,-6.25,0,0,0
2023-12-24,1524.0,-2.2,0,0,0
2023-12-25,1556.4,-0.87,1,0,0
2023-12-26,1762.1,1.35,0,0,0
2023-12-27,1743.7,1.69,0,0,0
2023-12-28,1732.2,1.45,0,0,0
2023-12-29,1664.4,1.63,0,0,0
2023-12-30,1511.4,1.34,0,0,0
2023-12-31,1420.5,3.64,0,0,0
2024-01-01,1367.7,2.97,1,0,0
2024-01-02,1682.5,3.86,0,0,0
2024-01-03,1766.0,2.58,0,0,0
2024-01-04,1747.4,1.37,0,0,0
2024-01-05,1719.3,4.79,0,0,0
2024-01-06,1512.7,1.83,0,0,0
2024-01-07,1476.3,-1.81,0,0,0
2024-01-08,1772.5,-3.96,0,0,0
2024-01-09,1858.2,-0.36,0,0,0
2024-01-10,1801.7,0.2,0,0,0
2024-01-11,1785.8,1.14,0,0,0
2024-01-12,1715.2,2.52,0,0,0
2024-01-13,1525.4,0.54,0,0,0
2024-01-14,1472.3,1.2,0,0,0
2024-01-15,1723.8,-1.1,0,0,0
2024-01-16,1785.3,-1.5,0,0,0
2024-01-17,1827.1,1.32,0,0,0
2024-01-18,1766.2,5.4,0,0,0
2024-01-19,1729.8,5.7,0,0,0
2024-01-20,1575.3,4.29,0,0,0
2024-01-21,1463.0,3.4,0,0,0
2024-01-22,1813.8,-4.76,0,0,0
2024-01-23,1922.7,-9.07,0,0,0
2024-01-24,1895.3,-6.58,0,0,0
2024-01-25,1855.6,-4.51,0,0,0
2024-01-26,1797.7,-1.44,0,0,0
2024-01-27,1550.4,0.0,0,0,0
2024-01-28,1456.8,-0.28,0,0,0
2024-01-29,1718.0,-0.61,0,0,0
2024-01-30,1743.7,0.93,0,0,0
2024-01-31,1685.8,5.09,0,0,0
2024-02-01,1735.9,3.49,0,0,0
2024-02-02,1692.1,3.4,0,0,0
2024-02-03,1540.3,3.95,0,0,0
2024-02-04,1408.1,5.89,0,0,0
2024-02-05,1716.7,3.92,0,0,0
2024-02-06,1773.0,1.98,0,0,0
2024-02-07,1718.2,1.3,0,0,0
2024-02-08,1608.7,0.75,0,0,0
2024-02-09,1300.4,1.28,1,1,0
2024-02-10,1203.6,1.74,1,1,0
2024-02-11,1247.1,1.32,1,1,0
2024-02-12,1270.4,3.02,1,1,0
2024-02-13,1517.9,7.59,0,0,0
2024-02-14,1605.0,11.68,0,0,0
2024-02-15,1677.9,6.8,0,0,0
2024-02-16,1621.4,2.53,0,0,0
2024-02-17,1423.2,4.07,0,0,0
2024-02-18,1400.2,6.18,0,0,0
2024-02-19,1613.9,10.87,0,0,0
2024-02-20,1703.9,5.6,0,0,0
2024-02-21,1739.9,3.74,0,0,0
2024-02-22,1776.7,1.68,0,0,0
2024-02-23,1721.8,2.28,0,0,0
2024-02-24,1514.5,2.55,0,0,0
2024-02-25,1420.8,3.12,0,0,0
2024-02-26,1608.0,3.59,0,0,0
2024-02-27,1650.7,4.35,0,0,0
2024-02-28,1620.1,5.45,0,0,0
2024-02-29,1685.4,4.78,0,0,0
2024-03-01,1501.2,-1.43,1,0,0
2024-03-02,1446.0,-1.16,0,0,0
2024-03-03,1384.5,4.6,0,0,0
2024-03-04,1611.9,5.35,0,0,0
2024-03-05,1720.3,6.96,0,0,0
2024-03-06,1647.5,6.38,0,0,0
2024-03-07,1672.4,4.44,0,0,0
2024-03-08,1623.2,3.02,0,0,0
2024-03-09,1425.9,2.08,0,0,0
2024-03-10,1322.0,3.83,0,0,0
2024-03-11,1627.4,5.71,0,0,0
2024-03-12,1680.0,5.93,0,0,0
2024-03-13,1588.1,6.09,0,0,0
2024-03-14,1577.7,7.78,0,0,0
2024-03-15,1530.7,8.91,0,0,0
2024-03-16,1363.7,10.45,0,0,0
2024-03-17,1281.2,10.5,0,0,0
2024-03-18,1496.4,7.28,0,0,0
2024-03-19,1599.9,7.53,0,0,0
2024-03-20,1578.7,4.99,0,0,0
2024-03-21,1560.3,4.73,0,0,0
2024-03-22,1549.4,9.07,0,0,0
2024-03-23,1325.4,13.91,0,0,0
2024-03-24,1281.5,13.49,0,0,0
2024-03-25,1548.4,10.34,0,0,0
2024-03-26,1580.9,7.24,0,0,0
2024-03-27,1522.4,9.01,0,0,0
2024-03-28,1617.8,9.89,0,0,0
2024-03-29,1552.0,9.32,0,0,0
2024-03-30,1338.8,9.45,0,0,0
2024-03-31,1210.9,10.52,0,0,0
2024-04-01,1393.1,11.98,0,0,0
2024-04-02,1459.6,13.95,0,0,0
2024-04-03,1541.4,14.0,0,0,0
2024-04-04,1509.8,13.74,0,0,0
2024-04-05,1435.1,13.27,0,0,0
2024-04-06,1290.4,12.28,0,0,0
2024-04-07,1171.3,14.32,0,0,0
2024-04-08,1415.9,15.39,0,0,0
2024-04-09,1412.5,13.98,0,0,0
2024-04-10,1310.4,12.83,1,0,0
2024-04-11,1426.2,14.48,0,0,0
2024-04-12,1380.7,16.11,0,0,0
2024-04-13,1234.9,17.62,0,0,0
2024-04-14,1176.8,18.79,0,0,0
2024-04-15,1463.0,15.87,0,0,0
2024-04-16,1435.8,14.43,0,0,0
2024-04-17,1405.0,14.59,0,0,0
2024-04-18,1397.4,16.26,0,0,0
2024-04-19,1381.9,16.96,0,0,0
2024-04-20,1349.1,14.52,0,0,0
2024-04-21,1278.8,15.92,0,0,0
2024-04-22,1408.2,16.95,0,0,0
2024-04-23,1421.6,15.66,0,0,0
2024-04-24,1442.2,13.45,0,0,0
2024-04-25,1399.0,14.75,0,0,0
2024-04-26,1405.5,16.59,0,0,0
2024-04-27,1222.5,17.72,0,0,0
2024-04-28,1167.2,18.59,0,0,0
2024-04-29,1437.6,17.62,0,0,0
2024-04-30,1434.9,16.74,0,0,0
2024-05-01,1302.4,15.93,0,0,0
2024-05-02,1371.0,16.1,0,0,0
2024-05-03,1378.3,17.58,0,0,0
2024-05-04,1229.9,19.07,0,0,0
2024-05-05,1256.9,17.86,1,0,0
2024-05-06,1289.2,15.54,1,0,0
2024-05-07,1456.6,13.82,0,0,0
2024-05-08,1393.6,13.93,0,0,0
2024-05-09,1385.1,15.21,0,0,0
2024-05-10,1380.4,17.49,0,0,0
2024-05-11,1310.8,17.46,0,0,0
2024-05-12,1166.4,16.94,0,0,0
2024-05-13,1334.1,17.24,0,0,0
2024-05-14,1383.5,17.78,0,0,0
2024-05-15,1327.1,14.31,1,0,0
2024-05-16,1346.1,13.81,0,0,0
2024-05-17,1370.9,17.4,0,0,0
2024-05-18,1232.0,19.68,0,0,0
2024-05-19,1173.6,20.57,0,0,0
2024-05-20,1414.7,19.24,0,0,0
2024-05-21,1459.8,19.64,0,0,0
2024-05-22,1454.5,19.69,0,0,0
2024-05-23,1461.1,20.74,0,0,0
2024-05-24,1455.4,19.7,0,0,0
2024-05-25,1298.1,19.77,0,0,0
2024-05-26,1241.1,19.46,0,0,0
2024-05-27,1390.4,19.13,0,0,0
2024-05-28,1442.6,18.91,0,0,0
2024-05-29,1442.7,19.69,0,0,0
2024-05-30,1487.7,19.62,0,0,0
2024-05-31,1422.5,20.4,0,0,0
2024-06-01,1274.0,20.06,0,0,0
2024-06-02,1188.9,19.47,0,0,0
2024-06-03,1397.9,20.02,0,0,0
2024-06-04,1446.9,20.61,0,0,0
2024-06-05,1479.5,21.25,0,0,0
2024-06-06,1388.3,21.86,1,0,0
2024-06-07,1439.8,21.72,0,0,1
2024-06-08,1351.8,19.8,0,0,0
2024-06-09,1240.0,21.85,0,0,0
2024-06-10,1476.3,23.43,0,0,0
2024-06-11,1555.5,24.45,0,0,0
2024-06-12,1555.3,24.08,0,0,0
2024-06-13,1582.4,24.99,0,0,0
2024-06-14,1592.3,24.95,0,0,0
2024-06-15,1435.9,24.14,0,0,0
2024-06-16,1300.8,23.87,0,0,0
2024-06-17,1536.0,23.16,0,0,0
2024-06-18,1576.4,24.71,0,0,0
2024-06-19,1644.3,26.45,0,0,0
2024-06-20,1671.4,25.62,0,0,0
2024-06-21,1631.7,25.41,0,0,0
2024-06-22,1531.9,23.17,0,0,0
2024-06-23,1410.3,24.4,0,0,0
2024-06-24,1594.6,24.22,0,0,0
2024-06-25,1561.8,22.71,0,0,0
2024-06-26,1566.2,23.42,0,0,0
2024-06-27,1619.0,23.18,0,0,0
2024-06-28,1573.9,24.52,0,0,0
2024-06-29,1478.5,24.51,0,0,0
2024-06-30,1418.3,24.09,0,0,0
2024-07-01,1599.2,25.39,0,0,0
2024-07-02,1698.3,23.46,0,0,0
2024-07-03,1677.7,25.24,0,0,0
2024-07-04,1698.5,26.31,0,0,0
2024-07-05,1667.7,25.01,0,0,0
2024-07-06,1540.5,25.61,0,0,0
2024-07-07,1474.4,25.07,0,0,0
2024-07-08,1719.6,24.48,0,0,0
2024-07-09,1743.6,24.17,0,0,0
2024-07-10,1716.0,25.04,0,0,0
2024-07-11,1699.1,24.52,0,0,0
2024-07-12,1670.8,24.98,0,0,0
2024-07-13,1522.8,25.86,0,0,0
2024-07-14,1453.8,25.7,0,0,0
2024-07-15,1694.9,26.16,0,0,0
2024-07-16,1766.4,25.32,0,0,0
2024-07-17,1771.6,25.6,0,0,0
2024-07-18,1788.7,25.23,0,0,0
2024-07-19,1755.5,26.01,0,0,0
2024-07-20,1584.9,26.22,0,0,0
2024-07-21,1500.4,27.08,0,0,0
2024-07-22,1787.1,27.61,0,0,0
2024-07-23,1850.5,27.04,0,0,0
2024-07-24,1837.4,27.4,0,0,0
2024-07-25,1859.6,28.4,0,0,0
2024-07-26,1852.7,27.99,0,0,0
2024-07-27,1659.9,28.33,0,0,0
2024-07-28,1549.6,29.01,0,0,0
2024-07-29,1708.4,27.95,0,0,0
2024-07-30,1732.2,28.31,0,0,0
2024-07-31,1719.9,28.89,0,0,0
2024-08-01,1733.1,29.25,0,0,0
2024-08-02,1758.4,29.45,0,0,0
2024-08-03,1659.8,29.91,0,0,0
2024-08-04,1641.9,29.82,0,0,0
2024-08-05,1867.8,28.9,0,0,0
2024-08-06,1872.5,28.14,0,0,0
2024-08-07,1903.4,28.66,0,0,0
2024-08-08,1907.0,27.8,0,0,0
2024-08-09,1869.0,28.28,0,0,0
2024-08-10,1703.2,28.47,0,0,0
2024-08-11,1619.6,29.03,0,0,0
2024-08-12,1895.0,29.16,0,0,0
2024-08-13,1945.9,29.23,0,0,0
2024-08-14,1932.2,28.85,0,0,0
2024-08-15,1782.7,28.35,1,0,0
2024-08-16,1856.1,28.47,0,0,1
2024-08-17,1702.1,28.56,0,0,0
2024-08-18,1610.8,28.49,0,0,0
2024-08-19,1901.1,28.93,0,0,0
2024-08-20,1996.9,29.36,0,0,0
2024-08-21,1965.0,27.97,0,0,0
2024-08-22,1950.4,28.27,0,0,0
2024-08-23,1880.4,28.02,0,0,0
2024-08-24,1691.6,27.69,0,0,0
2024-08-25,1602.5,27.75,0,0,0
2024-08-26,1860.9,27.35,0,0,0
2024-08-27,1857.8,26.13,0,0,0
2024-08-28,1794.0,26.73,0,0,0
2024-08-29,1817.0,27.38,0,0,0
2024-08-30,1809.5,27.53,0,0,0
2024-08-31,1586.1,26.29,0,0,0
2024-09-01,1487.3,26.13,0,0,0
2024-09-02,1734.0,24.61,0,0,0
2024-09-03,1747.4,25.66,0,0,0
2024-09-04,1733.2,25.78,0,0,0
2024-09-05,1793.5,25.99,0,0,0
2024-09-06,1793.7,24.74,0,0,0
2024-09-07,1593.0,25.48,0,0,0
2024-09-08,1489.9,26.21,0,0,0
2024-09-09,1787.9,27.28,0,0,0
2024-09-10,1869.7,28.13,0,0,0
2024-09-11,1916.7,27.63,0,0,0
2024-09-12,1875.7,26.02,0,0,0
2024-09-13,1817.4,26.6,0,0,0
2024-09-14,1603.3,27.44,0,0,0
2024-09-15,1496.6,27.17,0,0,0
2024-09-16,1400.8,26.3,1,1,0
2024-09-17,1362.9,28.12,1,1,0
2024-09-18,1474.4,28.3,1,1,0
2024-09-19,1752.3,28.04,0,0,0
2024-09-20,1813.0,25.64,0,0,0
2024-09-21,1515.7,20.61,0,0,0
2024-09-22,1334.1,20.93,0,0,0
2024-09-23,1471.0,20.2,0,0,0
2024-09-24,1504.6,19.92,0,0,0
2024-09-25,1559.8,22.05,0,0,0
2024-09-26,1598.2,23.05,0,0,0
2024-09-27,1573.0,22.57,0,0,0
2024-09-28,1389.5,22.57,0,0,0
2024-09-29,1282.4,22.35,0,0,0
2024-09-30,1489.8,21.5,0,0,1
2024-10-01,1456.8,19.06,1,0,0
2024-10-02,1398.8,15.29,0,0,1
2024-10-03,1397.7,15.0,1,0,0
2024-10-04,1366.9,16.35,0,0,1
2024-10-05,1270.5,16.63,0,0,0
2024-10-06,1281.9,15.69,0,0,0
2024-10-07,1464.4,16.51,0,0,0
2024-10-08,1477.1,16.98,0,0,0
2024-10-09,1387.1,17.58,1,0,0
2024-10-10,1473.9,17.63,0,0,0
2024-10-11,1448.9,17.35,0,0,0
2024-10-12,1282.0,17.1,0,0,0
2024-10-13,1236.5,17.2,0,0,0
2024-10-14,1496.4,18.6,0,0,0
2024-10-15,1554.9,19.0,0,0,0
2024-10-16,1494.5,18.44,0,0,0
2024-10-17,1496.6,18.12,0,0,0
2024-10-18,1555.3,18.43,0,0,0
2024-10-19,1383.5,17.65,0,0,0
2024-10-20,1231.3,13.54,0,0,0
2024-10-21,1458.3,14.57,0,0,0
2024-10-22,1562.8,16.38,0,0,0
2024-10-23,1484.3,14.52,0,0,0
2024-10-24,1448.2,12.24,0,0,0
2024-10-25,1457.6,14.2,0,0,0
2024-10-26,1292.8,16.31,0,0,0
2024-10-27,1267.6,15.26,0,0,0
2024-10-28,1449.5,15.16,0,0,0
2024-10-29,1464.3,15.17,0,0,0
2024-10-30,1439.0,14.88,0,0,0
2024-10-31,1446.6,14.85,0,0,0
2024-11-01,1503.2,14.02,0,0,0
2024-11-02,1308.1,17.11,0,0,0
2024-11-03,1214.2,15.93,0,0,0
2024-11-04,1426.9,14.99,0,0,0
2024-11-05,1439.9,10.55,0,0,0
2024-11-06,1443.4,7.95,0,0,0
2024-11-07,1472.8,7.78,0,0,0
2024-11-08,1467.4,10.03,0,0,0
2024-11-09,1298.4,12.15,0,0,0
2024-11-10,1259.0,13.23,0,0,0
2024-11-11,1417.9,13.28,0,0,0
2024-11-12,1459.6,13.68,0,0,0
2024-11-13,1465.4,12.81,0,0,0
2024-11-14,1507.9,13.84,0,0,0
2024-11-15,1491.9,15.46,0,0,0
2024-11-16,1321.3,16.56,0,0,0
2024-11-17,1292.6,10.34,0,0,0
2024-11-18,1480.2,4.03,0,0,0
2024-11-19,1564.9,5.13,0,0,0
2024-11-20,1567.1,6.58,0,0,0
2024-11-21,1557.2,9.11,0,0,0
2024-11-22,1517.6,7.46,0,0,0
2024-11-23,1368.7,5.7,0,0,0
2024-11-24,1285.5,6.75,0,0,0
2024-11-25,1511.8,9.14,0,0,0
2024-11-26,1597.2,8.25,0,0,0
2024-11-27,1687.9,2.0,0,0,0
2024-11-28,1671.9,2.72,0,0,0
2024-11-29,1659.1,1.83,0,0,0
2024-11-30,1433.8,3.99,0,0,0
2024-12-01,1352.1,5.81,0,0,0
2024-12-02,1565.5,7.93,0,0,0
2024-12-03,1639.9,3.13,0,0,0
2024-12-04,1639.5,2.89,0,0,0
2024-12-05,1654.5,3.94,0,0,0
2024-12-06,1631.8,3.81,0,0,0
2024-12-07,1478.9,1.1,0,0,0
2024-12-08,1390.0,0.54,0,0,0
2024-12-09,1668.9,0.93,0,0,0
2024-12-10,1678.0,2.38,0,0,0
2024-12-11,1687.8,3.04,0,0,0
2024-12-12,1694.3,1.2,0,0,0
2024-12-13,1726.0,1.56,0,0,0
2024-12-14,1519.1,-0.1,0,0,0
2024-12-15,1456.5,1.7,0,0,0
2024-12-16,1701.6,0.95,0,0,0
2024-12-17,1732.1,0.67,0,0,0
2024-12-18,1769.5,-1.96,0,0,0
2024-12-19,1757.9,-1.79,0,0,0
2024-12-20,1764.3,0.64,0,0,0
2024-12-21,1572.8,0.71,0,0,0
2024-12-22,1462.7,-2.52,0,0,0
2024-12-23,1728.2,-0.42,0,0,0
2024-12-24,1729.2,0.07,0,0,0
2024-12-25,1537.6,1.62,1,0,0
2024-12-26,1696.1,1.99,0,0,0
2024-12-27,1723.8,-1.37,0,0,0
2024-12-28,1538.2,-1.91,0,0,0
2024-12-29,1428.7,0.61,0,0,0
2024-12-30,1637.6,4.66,0,0,0
2024-12-31,1568.4,2.42,0,0,0
2025-01-01,1380.7,1.55,1,0,0
2025-01-02,1637.8,1.02,0,0,0
2025-01-03,1706.7,-0.61,0,0,0
2025-01-04,1514.5,-0.27,0,0,0
2025-01-05,1507.2,0.93,0,0,0
2025-01-06,1746.9,1.78,0,0,0
2025-01-07,1808.2,-1.57,0,0,0
2025-01-08,1832.0,-2.02,0,0,0
2025-01-09,1913.4,-7.51,0,0,0
2025-01-10,1881.8,-7.57,0,0,0
2025-01-11,1635.9,-4.57,0,0,0
2025-01-12,1519.5,-3.17,0,0,0
2025-01-13,1779.0,-0.91,0,0,0
2025-01-14,1777.1,2.71,0,0,0
2025-01-15,1790.6,-1.77,0,0,0
2025-01-16,1813.2,-0.8,0,0,0
2025-01-17,1742.8,-0.1,0,0,0
2025-01-18,1551.4,0.42,0,0,0
2025-01-19,1447.0,2.09,0,0,0
2025-01-20,1711.8,2.66,0,0,0
2025-01-21,1731.0,1.52,0,0,0
2025-01-22,1727.1,2.72,0,0,0
2025-01-23,1701.9,2.0,0,0,0
2025-01-24,1656.1,2.25,0,0,0
2025-01-25,1467.4,3.86,0,0,0
2025-01-26,1405.5,3.95,0,0,0
2025-01-27,1409.1,0.79,1,0,0
2025-01-28,1376.4,-2.3,1,1,0
2025-01-29,1300.7,-3.11,1,1,0
2025-01-30,1337.0,-2.95,1,1,0
2025-01-31,1556.4,0.09,0,0,1
2025-02-01,1480.0,2.16,0,0,0
2025-02-02,1397.9,1.93,0,0,0
2025-02-03,1702.6,-1.57,0,0,0
2025-02-04,1849.6,-6.8,0,0,0
2025-02-05,1863.2,-6.9,0,0,0
2025-02-06,1854.7,-5.34,0,0,0
2025-02-07,1906.8,-6.27,0,0,0
2025-02-08,1655.5,-7.08,0,0,0
2025-02-09,1507.1,-4.62,0,0,0
2025-02-10,1788.8,-2.82,0,0,0
2025-02-11,1752.9,-0.57,0,0,0
2025-02-12,1838.7,1.09,0,0,0
2025-02-13,1726.3,0.38,0,0,0
2025-02-14,1666.4,2.68,0,0,0
2025-02-15,1528.7,2.68,0,0,0
2025-02-16,1383.6,4.3,0,0,0
2025-02-17,1631.2,1.33,0,0,0
2025-02-18,1704.3,-1.11,0,0,0
2025-02-19,1720.6,-1.99,0,0,0
2025-02-20,1720.9,-2.17,0,0,0
2025-02-21,1698.4,-1.97,0,0,0
2025-02-22,1491.2,-1.49,0,0,0
2025-02-23,1426.7,-2.68,0,0,0
2025-02-24,1665.4,-1.26,0,0,0
2025-02-25,1692.9,1.51,0,0,0
2025-02-26,1618.8,4.44,0,0,0
2025-02-27,1612.8,4.48,0,0,0
2025-02-28,1562.5,7.51,0,0,0
2025-03-01,1441.0,7.04,1,0,0
2025-03-02,1348.0,9.01,0,0,0
2025-03-03,1461.3,3.43,1,0,0
2025-03-04,1722.3,2.49,0,0,0
2025-03-05,1698.3,4.67,0,0,0
2025-03-06,1621.5,4.57,0,0,0
2025-03-07,1599.3,4.23,0,0,0
2025-03-08,1417.4,5.71,0,0,0
2025-03-09,1287.2,5.73,0,0,0
2025-03-10,1537.5,6.65,0,0,0
2025-03-11,1534.3,8.11,0,0,0
2025-03-12,1568.7,8.8,0,0,0
2025-03-13,1538.3,9.16,0,0,0
2025-03-14,1483.2,10.72,0,0,0
2025-03-15,1375.7,10.12,0,0,0
2025-03-16,1352.8,5.03,0,0,0
2025-03-17,1552.8,2.96,0,0,0
2025-03-18,1704.1,1.99,0,0,0
2025-03-19,1608.0,2.46,0,0,0
2025-03-20,1561.1,6.93,0,0,0
2025-03-21,1481.3,11.8,0,0,0
2025-03-22,1294.4,13.35,0,0,0
2025-03-23,1218.5,14.13,0,0,0
2025-03-24,1407.7,15.17,0,0,0
2025-03-25,1454.0,13.92,0,0,0
2025-03-26,1423.2,14.45,0,0,0
2025-03-27,1517.4,14.92,0,0,0
2025-03-28,1458.0,7.66,0,0,0
2025-03-29,1335.0,3.92,0,0,0
2025-03-30,1253.1,3.39,0,0,0
2025-03-31,1447.1,6.46,0,0,0
2025-04-01,1457.7,8.75,0,0,0
2025-04-02,1482.6,8.26,0,0,0
2025-04-03,1459.5,8.72,0,0,0
2025-04-04,1424.2,9.66,0,0,0
2025-04-05,1373.0,8.75,0,0,0
2025-04-06,1184.9,10.42,0,0,0
2025-04-07,1375.9,12.28,0,0,0
2025-04-08,1403.8,14.45,0,0,0
2025-04-09,1449.2,12.12,0,0,0
2025-04-10,1419.3,13.29,0,0,0
2025-04-11,1372.2,14.38,0,0,0
2025-04-12,1301.4,13.3,0,0,0
2025-04-13,1224.5,6.22,0,0,0
2025-04-14,1513.2,5.48,0,0,0
2025-04-15,1448.2,8.42,0,0,0
2025-04-16,1433.8,13.58,0,0,0
2025-04-17,1442.8,18.42,0,0,0
2025-04-18,1414.5,18.7,0,0,0
2025-04-19,1306.4,17.33,0,0,0
2025-04-20,1218.7,16.02,0,0,0
2025-04-21,1373.8,18.36,0,0,0
2025-04-22,1520.0,16.66,0,0,0
2025-04-23,1424.7,15.95,0,0,0
2025-04-24,1388.4,15.02,0,0,0
2025-04-25,1350.0,12.86,0,0,0
2025-04-26,1207.9,13.54,0,0,0
2025-04-27,1162.6,15.52,0,0,0
2025-04-28,1321.5,15.22,0,0,0
2025-04-29,1361.2,13.6,0,0,0
2025-04-30,1358.0,16.85,0,0,0
2025-05-01,1352.3,14.47,0,0,0
2025-05-02,1268.1,13.58,0,0,0
2025-05-03,1279.2,11.33,0,0,0
2025-05-04,1102.9,13.53,0,0,0
2025-05-05,1213.7,11.84,1,0,0
2025-05-06,1260.2,12.92,1,0,0
2025-05-07,1340.2,13.96,0,0,0
2025-05-08,1380.2,16.15,0,0,0
2025-05-09,1511.0,14.84,0,0,0
2025-05-10,1355.7,13.54,0,0,0
2025-05-11,1209.3,14.7,0,0,0
2025-05-12,1362.5,16.19,0,0,0
2025-05-13,1435.5,18.43,0,0,0
2025-05-14,1430.3,19.21,0,0,0
2025-05-15,1533.7,19.32,0,0,0
2025-05-16,1564.1,19.36,0,0,0
2025-05-17,1319.2,18.89,0,0,0
2025-05-18,1171.5,16.4,0,0,0
2025-05-19,1404.5,16.54,0,0,0
2025-05-20,1521.2,22.06,0,0,0
2025-05-21,1576.0,24.0,0,0,0
2025-05-22,1554.6,20.94,0,0,0
2025-05-23,1481.2,18.31,0,0,0
2025-05-24,1324.5,15.16,0,0,0
2025-05-25,1150.0,16.47,0,0,0
2025-05-26,1371.6,18.05,0,0,0
2025-05-27,1435.7,19.14,0,0,0
2025-05-28,1451.8,19.51,0,0,0
2025-05-29,1450.4,19.52,0,0,0
2025-05-30,1420.6,19.58,0,0,0
2025-05-31,1271.0,19.42,0,0,0
2025-06-01,1194.5,20.85,0,0,0
2025-06-02,1463.1,19.31,0,0,1
2025-06-03,1295.6,20.42,1,0,0
2025-06-04,1400.4,20.19,0,0,0
2025-06-05,1427.3,20.64,0,0,0
2025-06-06,1339.5,22.1,1,0,0
2025-06-07,1261.9,22.55,0,0,0
2025-06-08,1280.8,23.97,0,0,0
2025-06-09,1521.9,23.62,0,0,0
2025-06-10,1569.0,22.38,0,0,0
2025-06-11,1493.0,22.41,0,0,0
2025-06-12,1539.8,23.43,0,0,0
2025-06-13,1571.7,21.78,0,0,0
2025-06-14,1415.3,23.33,0,0,0
2025-06-15,1350.3,24.69,0,0,0
2025-06-16,1614.1,23.11,0,0,0
2025-06-17,1617.6,23.74,0,0,0
2025-06-18,1589.8,24.34,0,0,0
2025-06-19,1656.1,25.64,0,0,0
2025-06-20,1720.8,24.36,0,0,0
2025-06-21,1501.0,22.18,0,0,0
2025-06-22,1278.7,22.29,0,0,0
2025-06-23,1524.1,24.12,0,0,0
2025-06-24,1645.2,22.62,0,0,0
2025-06-25,1593.6,21.01,0,0,0
2025-06-26,1582.6,22.43,0,0,0
2025-06-27,1597.7,24.35,0,0,0
2025-06-28,1504.7,25.85,0,0,0
2025-06-29,1426.8,26.94,0,0,0
2025-06-30,1715.3,27.57,0,0,0
2025-07-01,1830.2,27.84,0,0,0
2025-07-02,1844.3,28.25,0,0,0
2025-07-03,1839.5,28.0,0,0,0
2025-07-04,1800.2,26.99,0,0,0
2025-07-05,1613.2,27.85,0,0,0
2025-07-06,1556.7,28.21,0,0,0
2025-07-07,1859.1,28.91,0,0,0
2025-07-08,1932.0,29.41,0,0,0
2025-07-09,1890.8,29.52,0,0,0
2025-07-10,1850.5,28.98,0,0,0
2025-07-11,1785.8,28.06,0,0,0
2025-07-12,1577.7,27.57,0,0,0
2025-07-13,1526.8,25.49,0,0,0
2025-07-14,1665.5,23.51,0,0,0
2025-07-15,1706.4,22.98,0,0,0
2025-07-16,1734.4,23.03,0,0,0
2025-07-17,1746.3,23.3,0,0,0
2025-07-18,1703.5,24.31,0,0,0
2025-07-19,1559.8,23.9,0,0,0
2025-07-20,1468.3,26.77,0,0,0
2025-07-21,1763.6,27.3,0,0,0
2025-07-22,1821.1,27.86,0,0,0
2025-07-23,1831.4,28.01,0,0,0
2025-07-24,1844.2,28.39,0,0,0
2025-07-25,1851.4,29.08,0,0,0
2025-07-26,1681.7,29.73,0,0,0
2025-07-27,1613.1,30.22,0,0,0
2025-07-28,1820.5,29.9,0,0,0
2025-07-29,1837.7,29.69,0,0,0
2025-07-30,1802.0,29.37,0,0,0
2025-07-31,1770.5,29.17,0,0,0
2025-08-01,1746.0,29.22,0,0,0
2025-08-02,1636.4,29.48,0,0,0
2025-08-03,1615.4,27.72,0,0,0
2025-08-04,1757.8,27.27,0,0,0
2025-08-05,1805.0,28.11,0,0,0
2025-08-06,1863.2,27.31,0,0,0
2025-08-07,1810.9,27.55,0,0,0
2025-08-08,1764.9,26.03,0,0,0
2025-08-09,1606.0,24.3,0,0,0
2025-08-10,1439.4,25.24,0,0,0
2025-08-11,1731.5,24.74,0,0,0
2025-08-12,1762.3,25.04,0,0,0
2025-08-13,1786.1,25.67,0,0,0
2025-08-14,1782.2,26.48,0,0,0
2025-08-15,1642.5,27.27,1,0,0
2025-08-16,1584.9,27.82,0,0,0
2025-08-17,1539.8,27.63,0,0,0
2025-08-18,1843.4,28.22,0,0,0
2025-08-19,1914.3,28.5,0,0,0
2025-08-20,1918.4,28.44,0,0,0
2025-08-21,1938.3,28.76,0,0,0
2025-08-22,1929.2,28.56,0,0,0
2025-08-23,1728.1,28.56,0,0,0
2025-08-24,1646.3,28.98,0,0,0
2025-08-25,1920.9,28.76,0,0,0
2025-08-26,1937.6,27.33,0,0,0
2025-08-27,1842.8,26.55,0,0,0
2025-08-28,1867.9,27.19,0,0,0
2025-08-29,1905.4,28.61,0,0,0
2025-08-30,1690.1,28.35,0,0,0
2025-08-31,1589.6,27.12,0,0,0
2025-09-01,1827.1,26.4,0,0,0
2025-09-02,1823.1,25.62,0,0,0
2025-09-03,1801.6,26.08,0,0,0
2025-09-04,1827.4,25.9,0,0,0
2025-09-05,1805.3,26.94,0,0,0
2025-09-06,1644.6,26.8,0,0,0
2025-09-07,1544.7,25.68,0,0,0
2025-09-08,1712.9,23.62,0,0,0
2025-09-09,1716.6,22.15,0,0,0
2025-09-10,1659.8,23.28,0,0,0
2025-09-11,1658.1,24.01,0,0,0
2025-09-12,1697.8,23.38,0,0,0
2025-09-13,1527.5,23.64,0,0,0
2025-09-14,1412.7,23.98,0,0,0
2025-09-15,1680.9,24.65,0,0,0
2025-09-16,1753.6,24.61,0,0,0
2025-09-17,1765.7,23.69,0,0,0
2025-09-18,1661.1,21.82,0,0,0
2025-09-19,1610.7,20.14,0,0,0
2025-09-20,1432.4,20.57,0,0,0
2025-09-21,1284.4,20.85,0,0,0
2025-09-22,1513.4,20.46,0,0,0
2025-09-23,1540.8,21.69,0,0,0
2025-09-24,1647.1,22.3,0,0,0
2025-09-25,1676.2,22.55,0,0,0
2025-09-26,1577.8,21.68,0,0,0
2025-09-27,1406.7,21.84,0,0,0
2025-09-28,1373.8,20.57,0,0,0
2025-09-29,1505.2,20.14,0,0,0
2025-09-30,1538.7,19.19,0,0,0
2025-10-01,1513.1,19.9,0,0,0
2025-10-02,1528.6,20.19,0,0,0
2025-10-03,1412.6,19.69,1,0,0
2025-10-04,1297.4,21.49,0,0,0
2025-10-05,1210.1,21.46,1,1,0
2025-10-06,1151.4,19.21,1,1,0
2025-10-07,1179.6,19.31,1,1,0
2025-10-08,1197.7,21.28,1,1,0
2025-10-09,1244.7,20.21,1,0,0
2025-10-10,1362.7,18.63,0,0,1
2025-10-11,1319.4,20.61,0,0,0
2025-10-12,1323.9,19.79,0,0,0
2025-10-13,1533.9,17.62,0,0,0
2025-10-14,1553.3,18.04,0,0,0
2025-10-15,1547.9,19.66,0,0,0
2025-10-16,1554.1,19.84,0,0,0
2025-10-17,1505.0,19.32,0,0,0
2025-10-18,1382.8,17.04,0,0,0
2025-10-19,1252.5,15.71,0,0,0
2025-10-20,1402.2,11.95,0,0,0
2025-10-21,1492.9,11.35,0,0,0
2025-10-22,1472.3,13.19,0,0,0
2025-10-23,1457.3,14.96,0,0,0
2025-10-24,1452.7,14.99,0,0,0
2025-10-25,1311.6,14.82,0,0,0
2025-10-26,1256.9,13.18,0,0,0
2025-10-27,1409.5,9.38,0,0,0
2025-10-28,1470.8,7.85,0,0,0
2025-10-29,1478.5,9.65,0,0,0
2025-10-30,1505.6,11.11,0,0,0
2025-10-31,1466.3,13.21,0,0,0
2025-11-01,1290.0,13.1,0,0,0
2025-11-02,1228.7,9.73,0,0,0
2025-11-03,1451.1,7.04,0,0,0
2025-11-04,1486.0,9.78,0,0,0
2025-11-05,1480.0,10.82,0,0,0
2025-11-06,1482.5,11.64,0,0,0
2025-11-07,1462.1,12.76,0,0,0
2025-11-08,1344.1,13.54,0,0,0
2025-11-09,1224.3,13.48,0,0,0
2025-11-10,1426.5,9.42,0,0,0
2025-11-11,1499.0,8.3,0,0,0
2025-11-12,1521.4,8.99,0,0,0
2025-11-13,1500.6,10.09,0,0,0
2025-11-14,1471.6,8.7,0,0,0
2025-11-15,1308.5,8.55,0,0,0
2025-11-16,1244.5,10.46,0,0,0
2025-11-17,1519.4,6.11,0,0,0
2025-11-18,1602.2,2.55,0,0,0
2025-11-19,1604.4,3.21,0,0,0
2025-11-20,1590.7,7.03,0,0,0
2025-11-21,1540.7,6.99,0,0,0
2025-11-22,1352.1,7.96,0,0,0
2025-11-23,1284.9,9.01,0,0,0
2025-11-24,1497.1,11.58,0,0,0
2025-11-25,1609.2,7.54,0,0,0
2025-11-26,1568.7,6.73,0,0,0
2025-11-27,1637.0,5.8,0,0,0
2025-11-28,1565.9,3.62,0,0,0
2025-11-29,1379.4,5.13,0,0,0
2025-11-30,1273.2,11.38,0,0,0
2025-12-01,1513.5,7.76,0,0,0
2025-12-02,1632.8,2.45,0,0,0
2025-12-03,1721.0,-3.32,0,0,0
2025-12-04,1743.9,-2.45,0,0,0
2025-12-05,1722.1,-1.23,0,0,0
2025-12-06,1495.6,1.9,0,0,0
2025-12-07,1361.7,7.47,0,0,0
2025-12-08,1607.5,4.97,0,0,0
2025-12-09,1681.5,2.17,0,0,0
2025-12-10,1677.9,4.21,0,0,0
2025-12-11,1678.3,5.63,0,0,0
2025-12-12,1662.7,2.23,0,0,0
2025-12-13,1517.8,3.4,0,0,0
2025-12-14,1434.9,1.2,0,0,0
2025-12-15,1695.4,1.09,0,0,0
2025-12-16,1749.6,3.85,0,0,0
2025-12-17,1664.0,5.11,0,0,0
2025-12-18,1670.1,2.19,0,0,0
2025-12-19,1673.9,4.37,0,0,0
2025-12-20,1477.7,7.94,0,0,0
2025-12-21,1392.0,1.1,0,0,0
2025-12-22,1675.3,-0.66,0,0,0
2025-12-23,1758.7,2.27,0,0,0
2025-12-24,1719.4,3.92,0,0,0
2025-12-25,1532.2,-1.04,1,0,0
2025-12-26,1737.1,-6.5,0,0,1
2025-12-27,1551.6,-2.64,0,0,0
2025-12-28,1421.7,2.6,0,0,0
2025-12-29,1652.4,5.13,0,0,0
2025-12-30,1672.7,0.87,0,0,0
2025-12-31,1672.2,-3.24,0,0,0
